old_path,new_path,category,moved_at
scripts/s0_A_pipeline.py,scripts/production/s0_A_pipeline.py,production,2026-09-03T10:59:03Z
scripts/s0_E_branchA_parsl.py,scripts/production/s0_E_branchA_parsl.py,production,2026-09-03T10:59:03Z
scripts/s0_mace_engrad.py,scripts/production/s0_mace_engrad.py,production,2026-09-03T10:59:03Z
scripts/s0_package1_crest_census.py,scripts/production/s0_package1_crest_census.py,production,2026-09-03T10:59:03Z
scripts/s0_package1_collect.py,scripts/production/s0_package1_collect.py,production,2026-09-03T10:59:03Z
scripts/s0_package1_crest_summarise.py,scripts/production/s0_package1_crest_summarise.py,production,2026-09-03T10:59:03Z
scripts/s0_branch2_opt_freq.py,scripts/production/s0_branch2_opt_freq.py,production,2026-09-03T10:59:03Z
scripts/s0_write_orca_inputs.py,scripts/production/s0_write_orca_inputs.py,production,2026-09-03T10:59:03Z
scripts/s0_isomerisation_electronic_energy.py,scripts/production/s0_isomerisation_electronic_energy.py,production,2026-09-03T10:59:03Z
scripts/s0_A_symmetry_backtest.py,scripts/calibration/s0_A_symmetry_backtest.py,calibration,2026-09-03T10:59:03Z
scripts/s0_A_symmetry_number.py,scripts/calibration/s0_A_symmetry_number.py,calibration,2026-09-03T10:59:03Z
scripts/s0_A_workhorse_edge_measure.py,scripts/calibration/s0_A_workhorse_edge_measure.py,calibration,2026-09-03T10:59:03Z
scripts/s0_C_committee_calibration.py,scripts/calibration/s0_C_committee_calibration.py,calibration,2026-09-03T10:59:03Z
scripts/s0_branch2_cost_model.py,scripts/calibration/s0_branch2_cost_model.py,calibration,2026-09-03T10:59:03Z
scripts/s0_composite_energy_force.py,scripts/calibration/s0_composite_energy_force.py,calibration,2026-09-03T10:59:03Z
scripts/s0_engine_benchmark.py,scripts/calibration/s0_engine_benchmark.py,calibration,2026-09-03T10:59:03Z
scripts/s0_lowfreq_and_separable_terms.py,scripts/calibration/s0_lowfreq_and_separable_terms.py,calibration,2026-09-03T10:59:03Z
scripts/s0_package2_hessian_benchmark.py,scripts/calibration/s0_package2_hessian_benchmark.py,calibration,2026-09-03T10:59:03Z
scripts/s0_package2_highlevel_freq.py,scripts/calibration/s0_package2_highlevel_freq.py,calibration,2026-09-03T10:59:03Z
scripts/s0_qm9_native_reference.py,scripts/calibration/s0_qm9_native_reference.py,calibration,2026-09-03T10:59:03Z
scripts/check_notebook_forward_refs.py,scripts/tooling/check_notebook_forward_refs.py,tooling,2026-09-03T10:59:03Z
scripts/dump_notebook.py,scripts/tooling/dump_notebook.py,tooling,2026-09-03T10:59:03Z
scripts/openqha_index_artifacts.py,scripts/tooling/openqha_index_artifacts.py,tooling,2026-09-03T10:59:03Z
scripts/openqha_migrate_analysis.py,scripts/tooling/openqha_migrate_analysis.py,tooling,2026-09-03T10:59:03Z
scripts/s0_analysis_to_readable.py,scripts/tooling/s0_analysis_to_readable.py,tooling,2026-09-03T10:59:03Z
scripts/s0_mem_decide.py,scripts/tooling/s0_mem_decide.py,tooling,2026-09-03T10:59:03Z
scripts/s0_prepare_data.py,scripts/tooling/s0_prepare_data.py,tooling,2026-09-03T10:59:03Z
scripts/s0_crest_acetone_demo.py,examples/01_crest_composite_acetone/s0_crest_acetone_demo.py,example,2026-09-03T10:59:03Z
tests/t_filters_f7.py,tests/unit/t_filters_f7.py,unit,2026-09-03T10:59:03Z
tests/t_vdos_chain.py,tests/unit/t_vdos_chain.py,unit,2026-09-03T10:59:03Z
tests/t_langevin_units.py,tests/regression/t_defect13_langevin_units.py,regression,2026-09-03T10:59:03Z
scripts/production/s0_B_qha_trajectory.py,scripts/production/s0_B_qha_trajectory.py,production,2026-09-03T11:20:01Z
